# SQL Practice Set answers 


CREATE DATABASE CompanyDB;
USE CompanyDB;

CREATE TABLE Employee (
    emp_id INT PRIMARY KEY,
    name VARCHAR(50),
    age INT,
    salary DECIMAL(10,2),
    department_id INT,
    hire_date DATE
);

CREATE TABLE Department (
    department_id INT PRIMARY KEY,
    name VARCHAR(50)
);

CREATE TABLE Project (
    project_id INT PRIMARY KEY,
    name VARCHAR(50),
    department_id INT
);

INSERT INTO Employee VALUES
(1, 'John Doe', 28, 50000, 1, '2020-01-15'),
(2, 'Jane Smith', 34, 60000, 2, '2019-07-23'),
(3, 'Bob Brown', 45, 80000, 1, '2018-02-12'),
(4, 'Alice Blue', 25, 45000, 3, '2021-03-22'),
(5, 'Charlie P.', 29, 50000, 2, '2019-12-01');

INSERT INTO Department VALUES
(1, 'IT'),
(2, 'HR'),
(3, 'Finance'),
(4, 'Marketing');

INSERT INTO Project VALUES
(1, 'Project Alpha', 1),
(2, 'Project Beta', 2),
(3, 'Project Gamma', 1),
(4, 'Project Delta', 3),
(5, 'Project Epsilon', 4);
```

# SQL Practice Queries Answers

```sql
-- 1
SELECT * FROM Employee;

-- 2
SELECT name, salary FROM Employee;

-- 3
SELECT * FROM Employee
WHERE age > 30;

-- 4
SELECT name FROM Department;

-- 5
SELECT * FROM Employee
WHERE department_id = 1;

-- 6
SELECT * FROM Employee
WHERE name LIKE 'J%';

-- 7
SELECT * FROM Employee
WHERE name LIKE '%e';

-- 8
SELECT * FROM Employee
WHERE name LIKE '%a%';

-- 9
SELECT * FROM Employee
WHERE LENGTH(name) = 9;

-- 10
SELECT * FROM Employee
WHERE name LIKE '_o%';

-- 11
SELECT * FROM Employee
WHERE YEAR(hire_date) = 2020;

-- 12
SELECT * FROM Employee
WHERE MONTH(hire_date) = 1;

-- 13
SELECT * FROM Employee
WHERE hire_date < '2019-01-01';

-- 14
SELECT * FROM Employee
WHERE hire_date >= '2021-03-01';

-- 15
SELECT * FROM Employee
WHERE hire_date >= DATE_SUB(CURDATE(), INTERVAL 2 YEAR);

-- 16
SELECT SUM(salary) AS total_salary
FROM Employee;

-- 17
SELECT AVG(salary) AS average_salary
FROM Employee;

-- 18
SELECT MIN(salary) AS minimum_salary
FROM Employee;

-- 19
SELECT department_id, COUNT(*) AS employee_count
FROM Employee
GROUP BY department_id;

-- 20
SELECT department_id, AVG(salary) AS average_salary
FROM Employee
GROUP BY department_id;

-- 21
SELECT department_id, SUM(salary) AS total_salary
FROM Employee
GROUP BY department_id;

-- 22
SELECT department_id, AVG(age) AS average_age
FROM Employee
GROUP BY department_id;

-- 23
SELECT YEAR(hire_date) AS hire_year,
COUNT(*) AS employee_count
FROM Employee
GROUP BY YEAR(hire_date);

-- 24
SELECT department_id, MAX(salary) AS highest_salary
FROM Employee
GROUP BY department_id;

-- 25
SELECT department_id, AVG(salary) AS avg_salary
FROM Employee
GROUP BY department_id
ORDER BY avg_salary DESC
LIMIT 1;

-- 26
SELECT department_id, COUNT(*) AS employee_count
FROM Employee
GROUP BY department_id
HAVING COUNT(*) > 2;

-- 27
SELECT department_id, AVG(salary) AS avg_salary
FROM Employee
GROUP BY department_id
HAVING AVG(salary) > 55000;

-- 28
SELECT YEAR(hire_date) AS hire_year,
COUNT(*) AS employee_count
FROM Employee
GROUP BY YEAR(hire_date)
HAVING COUNT(*) > 1;

-- 29
SELECT department_id, SUM(salary) AS total_salary
FROM Employee
GROUP BY department_id
HAVING SUM(salary) < 100000;

-- 30
SELECT department_id, MAX(salary) AS max_salary
FROM Employee
GROUP BY department_id
HAVING MAX(salary) > 75000;

-- 31
SELECT * FROM Employee
ORDER BY salary ASC;

-- 32
SELECT * FROM Employee
ORDER BY age DESC;

-- 33
SELECT * FROM Employee
ORDER BY hire_date ASC;

-- 34
SELECT * FROM Employee
ORDER BY department_id, salary;

-- 35
SELECT department_id, SUM(salary) AS total_salary
FROM Employee
GROUP BY department_id
ORDER BY total_salary DESC;

-- 36
SELECT e.name, d.name
FROM Employee e
JOIN Department d
ON e.department_id = d.department_id;

-- 37
SELECT p.name, d.name
FROM Project p
JOIN Department d
ON p.department_id = d.department_id;

-- 38
SELECT e.name, p.name
FROM Employee e
JOIN Project p
ON e.department_id = p.department_id;

-- 39
SELECT e.*, d.name
FROM Employee e
LEFT JOIN Department d
ON e.department_id = d.department_id;

-- 40
SELECT d.name, e.name
FROM Department d
LEFT JOIN Employee e
ON d.department_id = e.department_id;

-- 41
SELECT e.name
FROM Employee e
LEFT JOIN Project p
ON e.department_id = p.department_id
WHERE p.project_id IS NULL;

-- 42
SELECT e.name, COUNT(p.project_id) AS project_count
FROM Employee e
JOIN Project p
ON e.department_id = p.department_id
GROUP BY e.name;

-- 43
SELECT d.name
FROM Department d
LEFT JOIN Employee e
ON d.department_id = e.department_id
WHERE e.emp_id IS NULL;

-- 44
SELECT name
FROM Employee
WHERE department_id = (
    SELECT department_id
    FROM Employee
    WHERE name = 'John Doe'
);

-- 45
SELECT d.name
FROM Employee e
JOIN Department d
ON e.department_id = d.department_id
GROUP BY d.name
ORDER BY AVG(e.salary) DESC
LIMIT 1;

-- 46
SELECT *
FROM Employee
WHERE salary = (
    SELECT MAX(salary)
    FROM Employee
);

-- 47
SELECT *
FROM Employee
WHERE salary > (
    SELECT AVG(salary)
    FROM Employee
);

-- 48
SELECT MAX(salary) AS second_highest_salary
FROM Employee
WHERE salary < (
    SELECT MAX(salary)
    FROM Employee
);

-- 49
SELECT department_id, COUNT(*) AS employee_count
FROM Employee
GROUP BY department_id
ORDER BY employee_count DESC
LIMIT 1;

-- 50
SELECT *
FROM Employee e
WHERE salary > (
    SELECT AVG(salary)
    FROM Employee
    WHERE department_id = e.department_id
);

-- 51
SELECT DISTINCT salary
FROM Employee e1
WHERE 3 = (
    SELECT COUNT(DISTINCT salary)
    FROM Employee e2
    WHERE e2.salary >= e1.salary
);

-- 52
SELECT *
FROM Employee
WHERE age > ALL (
    SELECT age
    FROM Employee
    WHERE department_id = 2
);

-- 53
SELECT department_id, AVG(salary)
FROM Employee
GROUP BY department_id
HAVING AVG(salary) > 55000;

-- 54
SELECT *
FROM Employee
WHERE department_id IN (
    SELECT department_id
    FROM Project
    GROUP BY department_id
    HAVING COUNT(project_id) >= 2
);

-- 55
SELECT *
FROM Employee
WHERE hire_date = (
    SELECT hire_date
    FROM Employee
    WHERE name = 'Jane Smith'
);

-- 56
SELECT SUM(salary) AS total_salary
FROM Employee
WHERE YEAR(hire_date) = 2020;

-- 57
SELECT department_id,
AVG(salary) AS average_salary
FROM Employee
GROUP BY department_id
ORDER BY average_salary DESC;

-- 58
SELECT department_id,
COUNT(*) AS employee_count,
AVG(salary) AS average_salary
FROM Employee
GROUP BY department_id
HAVING COUNT(*) > 1
AND AVG(salary) > 55000;

-- 59
SELECT *
FROM Employee
WHERE hire_date >= DATE_SUB(CURDATE(), INTERVAL 2 YEAR)
ORDER BY hire_date;

-- 60
SELECT department_id,
COUNT(*) AS total_employees,
AVG(salary) AS average_salary
FROM Employee
GROUP BY department_id
HAVING COUNT(*) > 2;

-- 61
SELECT name, salary
FROM Employee e
WHERE salary > (
    SELECT AVG(salary)
    FROM Employee
    WHERE department_id = e.department_id
);

-- 62
SELECT name
FROM Employee
WHERE hire_date = (
    SELECT MIN(hire_date)
    FROM Employee
);

-- 63
SELECT d.name,
COUNT(p.project_id) AS total_projects
FROM Department d
LEFT JOIN Project p
ON d.department_id = p.department_id
GROUP BY d.name
ORDER BY total_projects DESC;

-- 64
SELECT e.name, e.salary, e.department_id
FROM Employee e
WHERE salary = (
    SELECT MAX(salary)
    FROM Employee
    WHERE department_id = e.department_id
);

-- 65
SELECT name, age, salary
FROM Employee e
WHERE age > (
    SELECT AVG(age)
    FROM Employee
    WHERE department_id = e.department_id
);
```

